<?xml version="1.0" encoding="UTF-8"?>
<project-private xmlns="http://www.netbeans.org/ns/project-private/1">
    <editor-bookmarks xmlns="http://www.netbeans.org/ns/editor-bookmarks/2" lastBookmarkId="0"/>
    <open-files xmlns="http://www.netbeans.org/ns/projectui-open-files/2">
        <group>
            <file>file:/C:/Users/lisan/Downloads/Proyecto1_Slave.X-20221001T222352Z-001/Proyecto1_Slave.X/TSL2561.c</file>
            <file>file:/C:/Users/lisan/Downloads/Proyecto1_Slave.X-20221001T222352Z-001/Proyecto1_Slave.X/main_slave.c</file>
            <file>file:/C:/Users/lisan/Downloads/Proyecto1_Slave.X-20221001T222352Z-001/Proyecto1_Slave.X/BMP280.c</file>
        </group>
    </open-files>
</project-private>
